Ano/Mês,Nascidos_Vivos,NascVivos_Pesados,NascVivos_<2500g,Óbitos<28d_Diarr,Óbitos<28d_IRA,Óbitos<28d_OutCau,Óbit_28a11m_Diarr,Óbit_28a11m_IRA,Óbit_28a11m_OutCau,Óbitos<1a_Diarr,Óbitos<1a_IRA,Óbitos<1a_OutCau,Óbitos_Fem.10a14a,Óbitos_Fem.15a49a,Óbitos_Adol_violên,Outros_óbitos,Hosp.<5a_Pneumonia,Hosp.<5a_Desitrat,Hosp.Abuso_Álcool,Hosp.Complic.Diab.,Hosp.p/Out.Causas,Hosp.Psiquiátricas,Nº_Visitas,Famílias_Acompanh.,Nº_Gestantes,Nº_Gest._Acompanh,Nº_Gest._<20_anos,Gest.c/PN_no_mês,Gest.c/PN_1ºTrim,Gest.c/Vacina_Dia,Crianças_até_4m,Cr<4m_AleitMatExcl,Cr<4m_Aleit_Misto,Crianças_<1_ano,Cr<1a_c/Vacin.dia,Cr<1a_pesadas,Cr<1a_desnutridas,Cr_12-23meses,Cr_12-23m_Vac.Dia,Cr_12-23m_Pesadas,Cr_12-23m_Desnutr.,Cr<2a_c/diarr,Cr<2a_usaram_TRO,Cr<2a_c/IRA,Diabetes_Cadastr.,Diabetes_Acompan.,Hiperten.Cadastr.,Hiperten.Acompan.,Tubercul.Cadastr.,Tubercul_Acompan.,Hansenia.Cadastr.,Hansenia.Acompan.
1998,488973,452142,35693,1681,1478,7787,3115,2126,6832,4859,3640,14699,1414,8688,2774,78749,40547,34158,8301,10857,221693,9339,76863447,82014238,2715098,2253857,441658,1572276,1083690,1773941,2322151,1232021,985562,6108873,4620021,4602091,528349,6752523,5370395,4902026,977926,1343506,1034892,1107530,893778,740312,4572836,3477240,45353,38975,82327,72617
1999,841655,789987,67848,2840,1856,22052,3976,2894,10756,6832,4758,32815,2644,13803,3443,150060,109264,77043,20940,35519,764595,26538,133385744,144597929,4163085,3815330,1080795,2802959,1993660,3135365,3731961,2160244,1442569,10260820,8025431,7960703,795206,11337124,9192423,8525649,1637500,1973376,1482096,1734081,5035232,3572742,17470388,12943926,131941,115361,208804,192177
2000,1016276,963655,86123,3258,3693,13351,2939,3991,12087,6182,5288,25443,2836,18038,12983,189612,139342,80613,27402,52949,1138428,35665,175903642,178584460,5052780,4662132,1319300,3558851,2605868,3922623,4617514,2816647,1655029,12984541,10627503,10437917,844722,14080833,11951589,10942932,1860386,2270614,1578726,2114279,6269878,5156230,24881850,20978698,165960,145076,265643,246703
2001,1117157,1065407,99242,3118,2026,14127,2512,2488,12558,5649,4510,26683,3515,18229,4373,335777,137079,198702,32934,67541,1490409,44612,212510016,206197013,5879200,5602810,1571555,4461823,3347555,4821118,5047722,3200729,1703202,14528404,12297094,11808085,828690,16436135,14271797,12861535,1860667,2283385,1657956,2235076,10147327,8158173,36876227,31772606,192594,170118,309777,290821
2002,1313151,1161280,112946,3218,1801,15083,2186,2258,13298,5402,4059,28370,3141,19662,4637,266939,561661,83226,35532,78185,1889455,51585,252385345,246742391,6856853,6242846,1705323,5184103,4007539,5531962,5488116,3607858,1737152,15963773,14038963,13169544,807972,17701400,15861986,14012013,1814114,2231533,1662832,2310236,11979819,10675019,49272809,43946817,216798,196792,361597,331583
2003,1239021,1357825,722686,2565,1704,14801,1899,2118,13565,4393,3758,28352,3271,19763,4647,295468,359392,81106,35569,514201,2401259,55960,275637455,267304151,6934465,6619169,1771197,5667550,4505713,6001398,5599399,3767003,1696230,16394345,14904812,13895208,665158,18143138,16441626,14593346,1464865,2187519,1666827,2348879,14100142,12431996,59115075,53732438,232174,211223,387594,492234
2004,1250881,1217780,118259,2263,1268,13962,1397,1850,13055,3648,3108,26971,2894,20094,4818,320227,231751,72092,42215,84772,2320380,56004,290852597,287547608,7261357,6979684,1818138,5969595,4858886,6306236,5609103,3896279,1591556,16862586,15311512,14236977,513550,18031528,16652742,14787658,1125150,1995431,1500736,2388956,16655294,14114427,71609565,62691657,240187,619651,407299,378927
2005,1336762,1304803,125964,2510,1418,14414,1561,1794,13054,3742,3204,28449,2990,20705,5677,325932,780072,69124,41903,94327,2465328,60719,309844169,295337768,7696475,7730870,1899204,6501574,5308978,6809103,5793367,4116917,1567630,17113560,16085180,14771567,427248,18173446,17158446,15084391,901649,1953415,1430086,2277218,18992318,16065964,80320006,72456875,257899,237409,407050,379933
..Janeiro/2005,102383,99803,9999,171,83,1170,105,127,1081,274,210,2378,248,1753,503,26144,5824,5193,3374,7048,169062,4802,23548766,23483827,622017,582358,149870,497087,411667,531551,433214,305570,118897,1352731,1242761,1152349,36519,1461414,1356955,1197713,78757,164443,119364,148217,1320332,1213164,5953844,5373705,20182,18688,32154,30494
..Fevereiro/2005,102053,99537,9791,159,103,1227,133,124,1082,292,223,2442,320,1712,436,24406,5616,5777,3700,7376,180143,4822,24154867,23886522,650670,612886,158675,530266,431055,560294,441578,312624,120238,1377506,1268564,1176116,36928,1483129,1376261,1216871,78707,184445,136303,147754,1361257,1251296,6326106,5557761,20378,18687,32501,30950
..Março/2005,113142,110357,10455,154,122,1213,123,130,1191,277,255,2549,223,1735,574,26063,8057,6369,3552,7582,203834,5193,25437380,23990694,662728,1015888,164839,549206,440673,574206,451711,322497,120412,1386997,1285611,1192557,37801,1484953,1385809,1226507,79755,191384,141324,175377,2102985,1279175,6229729,5715284,20804,19101,32270,30751
..Abril/2005,117104,114186,11627,186,107,1279,131,147,1076,317,262,2367,269,1734,411,26792,11920,5261,3444,7892,212641,5172,25953784,24273229,664829,622441,165832,551163,443410,576509,471362,337444,125136,1397076,1303176,1209013,38673,1497051,1402204,1242543,80201,179553,132330,205512,1397794,1306632,6390197,5858562,21155,19358,32874,31543
..Maio/2005,119670,117088,10967,204,160,1363,122,174,1153,326,341,2534,262,1721,834,27897,13560,5087,3350,7833,212233,4801,25904656,24557918,658225,614984,164392,546674,439977,571958,491187,350786,131453,1411207,1316853,1219620,38368,1506192,1412222,1251765,80374,172210,126761,231128,1414524,1322559,6617234,5951485,21424,19328,32442,31038
..Junho/2005,117126,114221,10651,207,136,1260,103,151,1051,308,286,2321,213,1642,434,28162,13826,4769,3440,7762,208667,5223,25929503,24662853,628031,604289,156842,537617,436317,563983,507270,360716,137359,1428210,1355253,1234769,37661,1517427,1444687,1263745,77631,155764,113128,231994,1541575,1342923,6555625,6036366,21335,19516,32802,31320
..Julho/2005,113003,110195,10208,155,143,1180,97,169,1169,250,312,2361,252,1639,419,29414,345697,4725,3351,7740,204837,4994,26467865,24674357,618720,595243,154640,530987,431307,553909,506109,356232,139839,1423788,1340845,1225860,35297,1504699,1424964,1248456,74323,143305,103044,223893,1766742,1336584,6699806,6152508,21741,20271,32810,31483
..Agosto/2005,116992,114213,11348,174,85,1222,264,157,1266,436,243,2762,233,1730,434,29934,10576,7300,3567,8273,216846,5559,26728268,24751519,629336,604904,155415,543237,442092,564353,509272,358615,141236,1446534,1378919,1255947,34228,1528356,1458132,1277952,71531,153514,112850,205198,1595430,1363087,6881270,6180297,22283,20378,33442,32240
..Setembro/2005,117842,115104,10695,198,113,1135,121,142,1097,319,253,2243,278,1814,436,27895,9220,7925,3655,8579,214035,5385,26503111,25117897,636215,610966,156663,550104,449571,569390,508432,361499,137867,1464048,1393730,1268315,33680,1541460,1472700,1283590,71281,157699,115801,194257,1624290,1386842,6861147,6280096,22301,20286,33599,32228
..Outubro/2005,114761,112172,10565,579,197,1106,92,104,1084,350,279,2174,251,1910,363,27938,341855,6693,3569,8816,259660,5268,27104694,25269157,641683,621660,157415,555763,458449,579507,503309,358825,135241,1479010,1400680,1282314,33727,1553166,1478831,1295001,71296,155113,113984,183044,1521066,1413555,6999244,6403746,22253,21005,34122,32834
..Novembro/2005,109477,107089,10623,159,86,1248,197,269,941,356,351,2438,238,1739,464,27130,7848,5534,3512,8184,205198,5005,26278612,25316080,645320,624785,158195,557881,463232,582359,493348,351808,132472,1476867,1400658,1282925,32921,1547820,1470948,1292762,69990,150842,109204,172865,1769704,1423891,7740783,6479351,21906,20291,44086,32511
..Dezembro/2005,93209,90838,9035,164,83,1011,73,100,863,237,189,1880,203,1576,369,24157,6073,4491,3389,7242,178172,4495,25832663,25353715,638701,620466,156426,551589,461228,581084,476575,340301,127480,1469586,1398130,1271782,31445,1547779,1474733,1287486,67803,145143,105993,157979,1576619,1426256,7065021,6467714,22137,20500,33948,32541
2006,1346580,1318561,131636,2352,1450,14194,1099,1518,12385,4082,3235,734433,237057,622428,5896,351817,532786,69932,41797,99780,2614233,62075,330120335,315689088,7903338,7675581,1932204,6906101,5743614,7206470,5861635,4221704,1546991,17809121,16940900,15543174,347643,18926744,17995016,15909194,751271,1991013,1477686,2325147,22223049,18684176,92679358,84398387,485559,465217,624761,607553
..Janeiro/2006,107281,104915,10774,544,156,1227,119,115,1069,663,267,2474,255,1829,488,28984,5856,6781,3863,8367,199115,4979,26268249,24642519,644719,624515,157070,554028,459941,581765,459524,326472,124345,1446896,1365291,1251971,31224,1523690,1440320,1265920,67243,183207,138487,149970,1687433,1416953,7061777,6423053,21579,19603,33715,32284
..Fevereiro/2006,101124,98907,9918,127,80,1148,101,90,930,224,170,2090,218,1624,424,25050,4843,5348,3233,7534,194092,4954,26482996,25230184,669747,649293,163368,578050,478670,606268,459703,329097,122285,1466973,1388056,1273277,31407,1544651,1461550,1286233,66839,170939,127305,139467,1566124,1448774,7333045,6714055,21772,19680,34103,32721
..Março/2006,117420,114942,11187,175,75,1231,87,102,1017,262,177,2241,254,1808,408,27895,6893,5618,3482,8201,222204,5357,27691369,25872549,675591,657268,166478,589479,483583,613521,467489,336954,122014,1475994,1397898,1288101,31359,1551530,1466762,1296390,66708,181228,135729,167188,1901814,1477789,7409442,6728293,21928,19833,34841,33290
..Abril/2006,119429,116910,14585,175,101,1301,84,141,1094,259,242,2430,253,1776,790,28592,9825,5434,3526,8093,223971,5334,27135547,26329159,670559,650816,165267,581289,481408,608908,483771,351119,124048,1488450,1411000,1295560,31397,1562474,1480617,1307091,66329,182220,135885,202910,1622408,1511349,7581436,6867060,22213,20801,35116,33209
..Maio/2006,124206,121682,11427,186,278,1321,101,172,1071,287,594,2554,364,1966,473,31124,436234,5287,3342,8200,238127,5173,28020026,26160653,656040,639337,163148,574940,473414,598056,498902,361246,128944,1484421,1406720,1301052,31499,1562846,1479225,1314141,66456,178342,132316,266731,1949769,1742690,7856617,7298801,243491,242150,256210,254754
..Junho/2006,117342,114894,10992,200,99,1178,79,167,1140,279,269,2356,253,1824,397,31860,14083,4679,3077,8135,221182,5116,27667627,26432312,643039,626807,158684,561509,466515,589442,511962,370372,132906,1493881,1430599,1306458,29549,1581322,1512335,1331432,63104,153552,112377,257436,1654507,1541232,7604397,6998569,21609,20234,33616,32429
..Julho/2006,114395,111921,10790,195,127,1175,83,144,1088,276,275,708704,234330,603144,467,32046,13042,5580,3314,8537,223459,5328,27634142,26614364,643343,624565,158292,561485,466658,586626,512337,367404,135798,1489347,1415524,1300804,29010,1586218,1505112,1331229,62325,152965,112785,235647,1778017,1546034,7734885,7030314,21854,20202,33474,32020
..Agosto/2006,116946,114490,11108,147,101,1314,149,156,1119,296,256,2600,237,1807,417,32008,11173,8381,3583,9243,234448,5481,28531507,26760790,655521,637344,161150,577267,478903,599209,512376,367559,137082,1503222,1438252,1315759,28132,1605931,1524897,1352399,60703,169677,127148,210776,2904327,1582359,7794005,7202903,21891,20570,33409,32015
..Setembro/2006,115354,113012,10731,143,94,1110,86,140,1093,331,251,2326,246,1785,541,30784,9064,7445,3634,8822,227702,5330,28007706,26788767,658749,639268,159495,579625,482578,602103,503229,361902,134262,1495612,1432635,1307108,26914,1602771,1535347,1354152,58926,165434,122769,191459,1721190,1593373,8090178,7254874,22378,20690,33045,31626
..Outubro/2006,113022,110920,10625,213,165,1094,84,98,965,548,266,2320,207,1748,414,29145,8285,6482,3839,8595,223467,5317,27919340,26890352,662711,643153,160171,583999,489166,606211,496779,358239,132212,1498125,1426977,1311643,26496,1607823,1535671,1362340,58426,157241,116165,178844,1937392,1607122,8066315,7312336,22588,20904,32781,31553
..Novembro/2006,108854,106670,10271,127,91,1093,73,115,937,419,215,2312,252,1683,694,29255,7333,5257,3644,8721,219975,5107,28213002,26974098,666175,646592,160627,587881,493847,610639,487911,352175,129740,1496722,1425686,1311775,25976,1608877,1535300,1366027,58491,156417,114859,171059,1748735,1617374,8052621,7348515,22602,20403,33212,31664
..Dezembro/2006,91207,89298,9228,120,83,1002,53,78,862,238,253,2026,188,1434,383,25074,6155,3640,3260,7332,186491,4599,26548824,26993341,657144,636623,158454,576549,488931,603722,467652,339165,123355,1469478,1402262,1279666,24680,1588611,1517880,1341840,55721,139791,101861,153660,1751333,1599127,8094640,7219614,21654,20147,31239,29988
2007,1317294,1292697,126464,1765,1177,13297,751,1249,11905,5190,2824,58934,2954,21146,5100,366282,2051380,77018,43888,99797,2672759,60208,347990095,340888326,7844630,7595402,1868029,6918057,5857139,7214052,5648603,4130727,1455843,17484496,16666389,15321108,273500,18776547,17968557,16017218,590854,1646775,1206562,2252592,22508800,19983060,103538874,90824478,255076,234121,364529,428294
..Janeiro/2007,109366,107246,11519,152,108,1119,87,95,926,462,250,32714,278,1894,429,30406,6223,34598,3967,8065,199751,4859,26696811,27834179,649988,628531,155685,565793,477542,593237,454523,329026,120394,1438904,1362764,1253867,23937,1560539,1482055,1315912,53690,147536,107961,145212,1823367,1568459,8010121,7192400,21066,19258,31337,29748
..Fevereiro/2007,104758,102777,10207,127,74,1172,61,82,1013,228,287,2377,231,1644,374,27978,556294,4603,3738,7615,203322,5148,26927727,28069434,664711,642889,159017,578865,488611,607476,457225,333106,118280,1457917,1377687,1266474,23120,1576319,1492602,1323016,53466,143163,104376,154545,1913328,1606095,8077132,7253391,20670,19317,31315,110466
..Março/2007,116474,114221,11145,147,191,1284,70,106,981,301,300,2374,222,1719,505,28874,10397,4491,3823,8707,235656,5240,28936905,28223234,673624,653138,162228,595840,496018,617860,468934,344125,119686,1469691,1393274,1290540,24661,1579563,1499379,1343963,54259,169715,127093,193425,1806796,1641593,8215591,7441330,20973,19618,31598,30279
..Abril/2007,115593,113423,11076,157,103,1174,71,130,1062,507,237,2534,264,1819,404,29300,11048,3857,3708,8334,234523,5092,29372608,28320390,660870,641467,159019,582556,488547,607646,479126,352756,121214,1467394,1394640,1289430,24651,1574259,1497804,1341687,54195,157762,116914,213193,1796155,1654125,8472123,7491211,21335,19614,31069,29514
..Maio/2007,116317,114141,10659,249,82,1162,59,148,1111,478,239,2471,260,1931,527,31602,11426,3153,3319,7958,236456,5007,28709251,27946915,650213,631108,157368,576135,481077,598559,488994,358716,125061,1516480,1395190,1292076,23984,1571097,1495608,1343459,53402,136878,99608,237111,1816768,1668315,8287812,7555190,21583,19972,31773,30426
..Junho/2007,113645,111568,10244,139,140,1081,72,134,1043,507,307,2471,259,1728,418,32145,10562,2429,3454,8056,226634,4929,28235085,27977315,635245,616226,153103,561561,472181,585800,494308,362312,126968,1460720,1404931,1288872,22909,1569017,1506964,1344560,50071,120206,85688,234837,1864352,1670742,8548722,7553535,21424,19655,30413,28826
..Julho/2007,140188,137652,13187,185,110,1323,56,140,1202,462,309,2867,333,2152,453,41702,665879,3179,4121,10664,293128,6349,38358312,31024813,711592,689410,169724,631711,535030,655923,558054,406792,143552,1634690,1571452,1443971,25481,1749463,1682745,1500377,53302,135664,98237,250126,2240306,1877139,10658517,8673200,23018,21617,32084,30657
..Agosto/2007,107311,105438,9566,127,75,961,61,94,943,696,176,2433,226,1664,378,31621,605605,3145,3499,8897,221234,4864,29474230,29371861,644755,624017,153525,569560,485026,594045,488491,355841,126702,1471701,1417709,1290213,21748,1581990,1523785,1347014,46128,119331,86580,196597,1852951,1686598,9937569,7884891,22102,20010,29636,28486
..Setembro/2007,104135,102165,9790,130,85,930,55,98,901,348,196,2024,234,1793,379,29102,7457,3639,3527,8455,217182,5216,28941313,27940365,643914,623605,151984,569760,484824,593720,467731,341194,121684,1435487,1383091,1263419,21266,1544495,1489367,1321322,44334,128292,93666,182724,1835355,1678531,8422727,7557960,21918,20009,30482,28751
..Outubro/2007,99680,97746,9883,113,62,947,35,86,906,256,153,1988,206,1570,390,28838,6645,3922,3433,7935,212137,4784,28367566,28422330,645821,623896,151762,570824,488189,593777,447361,327616,115446,1408364,1351464,1244036,20820,1519574,1461365,1305012,43658,126840,93251,162316,1826331,1662980,8272742,7496603,20657,19017,28985,27544
..Novembro/2007,98101,96282,10082,115,79,1216,63,64,917,529,167,2535,188,1733,382,27509,5512,6065,3715,7936,207224,4567,28690424,27805767,644339,623588,150909,574338,491350,595855,433974,318278,112061,1387731,1337303,1228642,20977,1500206,1447054,1294181,43075,126448,92948,148829,1828882,1676354,8508433,7603572,20298,18666,28385,27496
..Dezembro/2007,91726,90038,9106,124,68,928,61,72,900,416,203,2146,253,1499,461,27205,154332,3937,3584,7175,185512,4153,25279863,27951723,619558,597527,143705,541114,468744,570154,409882,300965,104795,1335417,1276884,1169568,19946,1450025,1389829,1236715,41274,134940,100240,133677,1904209,1592129,8127385,7121195,20032,17368,27452,26101
2008,1265921,1373645,181971,2208,999,11969,735,1136,11195,7630,2338,28619,2758,20591,5088,358467,191430,238804,40371,97008,2958514,60194,340415252,344644028,7829768,7584569,1805944,6966176,5996404,7246471,5398849,3990684,1354067,16595380,15914761,14712054,225521,17829688,17095457,15369102,441706,1495193,1084072,1994695,23468393,21139428,105838562,94153992,261564,234606,443658,329963
..Janeiro/2008,103062,101288,9856,131,60,997,70,90,925,318,151,2088,239,1650,369,29129,3709,4385,3577,7651,205999,5001,26838232,28299856,643954,622803,148405,565826,486623,593019,421319,309939,107392,1368862,1306670,1204157,19704,1488903,1422906,1272655,42148,156995,117158,133729,1841885,1666565,8772585,7450614,20155,18209,128754,27406
..Fevereiro/2008,102362,100620,10109,133,92,1032,69,87,1008,391,221,2301,223,1659,348,27782,4621,4089,3341,8134,221722,4931,28029266,27741353,659212,639740,153580,586251,500663,609949,428931,316518,108208,1374714,1313264,1216433,20748,1498218,1433586,1287320,42544,152794,114284,149063,1956467,1701405,8369698,7598604,20659,18357,28065,27021
..Março/2008,110135,238629,70604,725,146,1127,82,106,952,1625,254,2911,233,1804,368,29555,7487,4170,3353,8368,243987,5358,28452786,28862994,667160,646498,154533,593355,505998,616786,443032,328774,110464,1386881,1324832,1229395,20999,1506299,1440296,1298024,42225,153018,113792,175695,1892748,1735221,8526226,7734462,20821,18961,29025,27644
..Abril/2008,111444,109463,11253,149,93,1317,70,116,947,432,211,2496,215,1964,575,30211,9771,3591,3409,8316,237585,5106,28332172,28434076,659177,635059,152056,582974,497710,606053,452179,336662,111686,1381568,1322008,1227096,20221,1496956,1432377,1292521,40645,139624,103050,192265,1903693,1749057,8500743,7777410,20418,18640,28535,27569
..Maio/2008,111830,109885,10589,116,70,963,52,101,987,664,185,2472,261,1688,440,31340,10297,2617,3170,8445,230093,5122,28565595,28322665,642709,624081,149653,574758,488656,596625,461027,342900,114430,1374643,1323539,1226340,19659,1491055,1431178,1292418,38971,120039,86416,207877,1976743,1745341,8665117,7768278,23357,20457,27971,26814
..Junho/2008,105606,103651,9847,158,80,947,70,121,1024,719,243,2596,241,1692,380,31375,9457,2320,3489,8123,554472,5161,28345703,29155412,640488,621385,148945,570477,488248,593196,464144,342683,117015,1375090,1325217,1222720,19113,1486377,1429576,1284313,36845,109556,77864,207740,1914742,1751693,9386556,7779102,21451,18945,28092,26963
..Julho/2008,107170,105124,10325,134,74,972,62,111,938,533,191,2271,253,1608,528,31834,7470,2675,3348,8252,220540,5055,29077070,29361486,651420,630991,150960,580638,497004,602048,465023,343220,117408,1383358,1333871,1226830,18301,1491389,1435877,1287684,35397,108122,76303,181327,1948620,1779115,8880889,8041156,23184,20742,28144,27096
..Agosto/2008,108229,106241,10643,137,99,1029,49,83,902,685,189,2548,230,1823,403,31663,7023,3469,3546,8698,228989,5288,30262334,28952379,667794,648167,152663,599479,514717,619534,467538,345746,117541,1398176,1350041,1241797,18269,1501934,1448243,1298143,34041,112959,80643,170223,2026557,1816858,8939284,8147353,25573,22031,29183,28217
..Setembro/2008,107437,105542,9860,142,89,930,43,81,901,777,234,2628,207,1652,495,30601,6192,3350,3414,8351,221331,5247,29824479,29273187,667792,646852,152396,598044,516268,618902,463014,341888,116551,1405442,1354375,1247821,18006,1496778,1442855,1293756,33415,112916,81057,161470,2018142,1825805,9112299,8221750,21750,19537,29763,28439
..Outubro/2008,107357,105532,11038,131,72,912,43,81,880,600,172,2271,237,1894,388,30647,5918,203208,3594,8498,221684,5032,29263426,29192857,668045,648959,153764,600480,520669,622194,462349,341554,116856,1415544,1359147,1258786,18072,1496608,1437950,1296794,33613,112191,81011,150272,2017174,1849512,9010377,8141479,22838,20695,30129,29139
..Novembro/2008,95224,93441,8869,115,48,915,50,72,881,165,120,1793,195,1430,311,26943,115712,2401,2601,7039,195868,4523,27772957,28807092,643014,623526,147672,575320,504517,597578,444667,326675,110158,1384859,1317903,1230412,16410,1457289,1387836,1253526,31323,105123,75546,139134,1954778,1782560,8820500,7833917,20304,19155,28631,27686
..Dezembro/2008,96065,94229,8978,137,76,828,75,87,850,721,167,2244,224,1727,483,27387,3773,2529,3529,7133,176244,4370,25651232,28240671,619003,596508,141317,538574,475331,570587,425626,314125,106358,1346243,1283894,1180267,16019,1417882,1352777,1211948,30539,111856,76948,125900,2016844,1736296,8854288,7659867,21054,18877,27366,25969
2009,1222217,1200075,117187,1696,1065,11512,882,1124,11071,4650,2294,24852,3209,20196,4726,370101,79163,32089,35694,98602,2613549,58264,339789988,350669900,7580516,7320731,1716102,6778966,5898750,7019761,5271805,3879443,1311350,16546647,15785835,14656151,191287,17361450,16529956,14924465,352277,1372110,965137,1927409,25427887,22335390,108598151,96991093,252897,226169,331379,317659
..Janeiro/2009,105384,103432,10073,172,60,1104,89,71,961,261,131,2062,239,1615,389,30549,3744,3365,2971,8427,206905,4929,28146006,29090028,638854,616923,146155,563749,491255,588554,435092,318407,108364,1380718,1303950,1215841,16683,1445231,1361066,1227381,31480,137491,96948,127688,2005999,1777115,8804450,7784877,20543,18991,28464,27483
..Fevereiro/2009,102503,100670,9734,126,129,926,68,91,892,194,220,1815,261,1505,404,28312,4591,3797,3079,8019,213938,4993,27464114,29284875,642962,622019,147635,571913,493872,593778,437460,321374,107903,1384229,1310503,1223741,17210,1439938,1361271,1231062,32114,148723,108162,139656,2192116,1795675,8853808,7864150,21119,19373,28755,27530
..Março/2009,108029,106091,10023,111,83,993,57,88,918,168,171,1908,252,1606,362,30107,7355,3436,2646,7957,229875,4946,28506822,28527150,638329,618996,147994,570757,492632,591780,446984,329487,109489,1393147,1321920,1234670,17204,1447591,1371515,1243019,32234,140071,101654,170855,2011291,1828249,8844094,8011394,21140,19254,27812,26747
..Abril/2009,111096,109073,10743,168,75,1035,71,129,1037,818,206,2666,227,2267,401,31605,10013,2564,3151,8311,233265,5230,29441072,29422071,634832,615887,147131,567871,487075,589256,456600,341010,112535,1404472,1345977,1246284,17651,1458701,1392715,1259542,32335,121400,85784,200126,2082520,1886216,9086944,8226376,21420,18771,28096,26980
..Maio/2009,105575,103716,9968,127,90,992,51,142,944,494,235,2265,263,1684,498,32168,9859,2354,3288,8274,229162,5101,29904210,29572400,625428,606003,144701,560541,481120,580888,457505,339639,113714,1397931,1340592,1241293,17161,1458480,1392602,1260945,31270,112694,78390,199011,2099083,1885899,9068448,8214265,21057,19320,28306,27223
..Junho/2009,101147,99231,11246,169,84,1052,258,110,990,984,280,2704,264,1693,393,32566,8389,1925,3241,8509,219372,4975,28422487,29832799,619430,598860,141925,554065,478246,574226,456292,335817,116174,1393487,1339252,1234379,16206,1452537,1392517,1253152,29297,102189,70512,187592,2482059,1874176,9168739,8150409,21847,19130,27674,26482
..Julho/2009,100874,99061,10227,129,112,875,50,101,1017,583,214,2319,486,1955,420,33521,8480,1927,3069,8476,227047,5017,28791276,29424505,622583,602023,140854,558464,483384,579540,442564,326036,112250,1377534,1322274,1218289,15802,1440768,1379989,1240978,28776,96894,66376,184117,2083061,1875726,9268490,8148408,21031,18670,27112,26027
..Agosto/2009,103710,101902,9635,152,93,940,42,88,950,410,194,2157,248,1816,397,32452,7097,1989,2979,8730,225901,4762,28666985,29691443,652355,614037,142249,571415,497082,588840,442366,324742,111262,1390154,1330922,1229957,15686,1460528,1396291,1256291,28161,97025,66885,168444,2091738,1902493,9177695,8227652,23391,19150,27937,26684
..Setembro/2009,100884,99090,9182,152,90,924,32,71,821,184,161,1746,234,1518,365,30308,5963,2199,2600,8047,213096,4865,28342419,28651777,621304,602200,138980,561670,492365,578441,429663,314993,106023,1357909,1295980,1208138,14529,1432872,1365323,1234580,26866,94721,65903,149698,2050526,1859038,8907385,8022088,20129,18511,27455,26230
..Outubro/2009,101078,99226,9313,164,125,949,47,79,890,211,204,1839,264,1543,405,31175,5188,2643,2823,8667,220354,4825,28466282,29297888,632591,614702,140618,574132,505216,590617,433686,318083,106933,1374094,1310958,1224226,14810,1453868,1385540,1254652,27144,104225,72587,143059,2133330,1905846,9085208,8205488,20370,18538,27282,26150
..Novembro/2009,92781,91090,8696,115,76,849,61,75,830,176,151,1678,251,1485,355,28248,4688,2777,2908,7738,209404,4566,28154099,29160130,638532,618678,142394,578405,510253,595655,428327,314489,105480,1374069,1311778,1220642,14769,1457527,1389763,1256919,27046,106903,74776,134758,2125334,1918074,9269973,8350479,20937,18718,26535,25319
..Dezembro/2009,89156,87493,8347,111,48,873,56,79,821,167,127,1693,220,1509,337,29090,3796,3113,2939,7447,185230,4055,25484216,28714834,613316,590403,135466,545984,486250,568186,405266,295366,101223,1318903,1251729,1158691,13576,1413409,1341364,1205944,25554,109774,77160,122405,2070830,1826883,9062917,7785507,19913,17743,25951,24804
2010,1407171,1164453,109548,1953,912,10614,608,1013,10208,3576,2029,22083,3058,19199,5540,374974,63063,33197,32397,100676,3175234,55264,341179496,361690525,7531912,7291683,1685129,6815213,6018931,7033973,5306210,3756577,1243974,16220775,15282383,14169608,151112,17222453,16316236,14694866,280992,1227156,861362,1713849,27187968,23986653,115503416,100879347,241738,218486,312408,299301
..Janeiro/2010,98085,96394,9067,193,82,914,59,90,909,252,172,1823,266,1567,381,31829,3686,4117,2649,7926,206339,4410,27122289,28489538,629919,606723,138962,561891,496236,582700,409852,300677,101368,1338767,1270679,1179583,13793,1442208,1366931,1231891,26490,132254,95192,120401,2232612,1883902,9788989,8196985,19283,17306,26279,25066
..Fevereiro/2010,100296,98555,9371,174,63,902,114,68,889,666,131,2289,218,1547,417,29195,4693,3666,3359,8188,220696,4747,28968032,30284991,646032,626424,143444,582529,507662,601749,415628,309519,102269,1344159,1292360,1192680,14575,1454470,1391174,1254622,27194,127527,91612,129418,2411255,1961721,9624748,8435057,20931,18575,26993,25755
..Março/2010,106623,104810,9582,147,51,985,50,86,845,197,137,1829,245,1540,648,30006,6007,2483,2668,8289,227137,4796,29281254,29553893,649125,630816,145822,589696,516088,608648,427346,317728,101972,1349574,1289713,1200513,13876,1457374,1388366,1256370,26303,109751,76527,147765,2179627,1978126,9533453,8373252,20178,18194,26550,25460
..Abril/2010,106568,104790,9811,150,92,893,55,75,856,205,166,1749,198,1555,367,30802,7566,1974,2505,8338,230044,4736,29326896,29986971,641420,622176,145113,582145,510518,602016,438466,325884,104829,1353160,1293247,1204151,13606,1454554,1388821,1255923,25834,103696,72511,159418,2204693,2002193,9688723,8451645,19496,18019,26948,25879
..Maio/2010,105520,103694,9699,145,88,920,51,96,941,196,184,1860,243,1643,460,31880,7513,4852,2438,8345,547265,4651,29140270,30356457,625808,607520,142340,568175,500005,588234,444978,329353,107872,1354626,1296971,1205654,13257,1452635,1389218,1254662,24970,97247,67075,169786,2222764,2016091,9513021,8482166,20338,18523,25960,25044
..Junho/2010,99596,97788,9253,116,72,936,47,101,839,163,172,1773,247,1529,341,32086,6850,1805,2413,8158,212351,4610,27609184,30021708,602276,581993,136572,542963,480532,562555,435235,320257,107216,1320110,1261734,1170153,12418,1413648,1349899,1215389,23406,90466,62562,163601,2193727,1965407,9394169,8357058,19431,17963,25478,24583
..Julho/2010,101698,99951,9288,295,71,883,46,64,845,341,135,1727,212,1643,817,33355,5651,2127,2805,8764,222346,4797,28986711,29909205,611021,591509,138270,553184,489575,570454,437971,321284,108764,1341184,1281367,1190512,12382,1427328,1360166,1226217,22553,91273,62901,159509,2259416,2016201,9627087,8428367,20068,18023,25938,24905
..Agosto/2010,320488,96586,9203,110,60,863,31,89,852,141,149,1714,417,1737,366,33307,4995,3089,2716,8902,223377,4656,28677327,30382290,610502,591632,137416,554944,491351,570274,650019,314088,105985,1549403,1267838,1177201,11857,1409862,1346155,1212413,21891,96452,67812,156544,2225714,2014225,9568042,8405185,20298,18228,26109,25157
..Setembro/2010,100239,98463,9239,138,82,931,35,102,822,810,290,2523,200,2017,572,32540,5068,2788,3150,8849,224395,4876,28813139,30579500,630253,610093,140928,572287,505131,588632,431634,320657,108425,1348850,1304388,1190583,12120,1557420,1384861,1233420,21721,95428,66551,140015,2311449,2082418,9859395,8628634,22035,19374,26259,25348
..Outubro/2010,96131,94466,8972,175,99,828,44,83,808,219,182,1636,332,1552,368,31424,4235,2279,2685,8618,217293,4798,28165511,32029618,631962,612210,140483,574546,510596,590073,422156,311194,103220,1338295,1271546,1185269,11665,1417525,1349901,1217974,21099,93385,64443,130111,2307828,2063539,9906340,8525223,20037,18448,25429,24455
..Novembro/2010,86807,85309,8005,97,56,757,38,85,804,135,141,1560,244,1424,365,29087,3656,2094,2552,8821,457856,4231,27798271,29164115,627771,608908,138096,572440,508895,588207,402170,297131,97676,1299469,1237806,1151183,10731,1375111,1311279,1182328,19775,92429,65020,119657,2247008,2018149,9339906,8337518,19090,17538,25587,24243
..Dezembro/2010,85120,83647,8058,213,96,802,38,74,798,251,170,1600,236,1445,438,29463,3143,1923,2457,7478,186135,3956,27290612,30932239,625823,601679,137683,560413,502342,580431,390755,288805,94378,1283178,1214734,1122126,10832,1360318,1289465,1153657,19756,97248,69156,117624,2391875,1984681,9659543,8258257,20553,18295,24878,23406
2011,1190538,1166709,118124,2402,4242,10302,818,895,10295,8765,5981,28352,3283,18955,6808,381167,59044,21719,40621,104453,2572269,54306,344979903,373398622,7494084,7213276,1656495,6750024,5948634,6968635,5050194,3745015,1220771,15714836,14934069,13701238,127566,16507489,15640246,14003666,217074,1041629,707076,1624412,29442738,25315189,119746640,103135688,257910,221523,304659,289094
..Janeiro/2011,101580,99946,9923,156,54,934,53,70,921,451,236,2242,262,1695,360,34242,3435,2515,3409,8827,223194,4739,29179118,31600723,667748,644287,146489,601873,531115,620612,408158,304416,99394,1338185,1275645,1173309,11521,1417272,1346441,1205974,20619,117393,83805,127540,2590860,2141649,10183684,8742779,22159,19223,25793,24575
..Fevereiro/2011,98912,97294,10190,139,81,1023,36,56,849,511,254,2459,379,1755,770,30968,4222,2545,3343,8474,218554,4513,29003114,31614550,666306,642319,145813,600409,528440,619471,410019,308880,98434,1329023,1269052,1168244,11361,1412390,1342540,1203557,20146,111487,77187,134221,2411867,2133643,10097986,8687254,21681,19342,26118,24803
..Março/2011,105934,104040,10449,129,69,944,36,98,1139,901,173,2875,235,1538,870,31530,6977,1894,3533,8979,226519,4840,29262362,30359814,639015,617327,141983,577525,504183,595710,414622,312446,98220,1293348,1236959,1138752,11684,1373673,1307713,1175829,20158,95839,66380,146441,2304585,2066300,9673130,8506437,21786,19041,25785,24910
..Abril/2011,107376,105200,10247,279,64,856,46,83,912,778,152,2281,260,1611,394,31464,8229,1451,3082,8492,223512,4446,29551555,30257107,634495,611761,140777,573205,500295,591508,427272,321843,100101,1299258,1239247,1140035,11497,1371409,1300751,1171194,19396,85650,58569,159705,2343074,2088981,9923977,8579105,21596,18757,25308,24034
..Maio/2011,106664,104597,10096,131,88,849,42,100,899,544,403,2357,235,1514,1113,32460,7886,1916,3086,8557,224874,4743,29138342,31836070,617029,593720,137668,557824,487625,575387,436225,326976,103662,1293498,1235484,1138156,11329,1363209,1293601,1166028,18984,81894,54275,166104,2314772,2080469,9787426,8768906,20084,17650,24782,23763
..Junho/2011,101007,99231,11737,114,74,886,44,83,799,600,260,2290,436,1586,347,33149,6122,1205,3215,9254,213288,4487,27841116,30757362,599900,575548,132975,539868,473642,557849,438053,327635,107255,1287863,1233286,1128581,11294,1355794,1290489,1154860,18202,76297,49954,154310,2323017,2061194,9807027,8431465,20254,17459,25274,24231
..Julho/2011,100931,98301,9378,104,54,796,37,62,780,667,139,2146,274,1758,352,33943,4620,1474,3297,8881,214242,4508,28717859,30798930,610410,578198,133314,540995,476691,559495,443740,324408,108534,1314648,1245846,1135650,10633,1375445,1300445,1159495,17609,76208,50552,140482,2820595,2096666,9831111,8532278,22078,18585,25421,24221
..Agosto/2011,98135,96017,9344,143,53,762,39,81,922,1276,136,2811,252,1570,398,33109,4194,1617,3283,9126,217937,4645,29826128,31636903,610611,589071,136633,552075,486643,568385,437965,319769,107598,1328645,1260612,1150705,10165,1388493,1314617,1172109,17146,79269,52916,136768,2449123,2143845,10005877,8698940,20373,18079,25374,24083
..Setembro/2011,96024,94099,8896,123,3488,835,40,63,777,614,3629,2233,250,1566,404,31741,3816,1763,3503,9022,214394,4595,29337347,31883845,616072,593646,136109,556240,491437,572657,426009,312084,104565,1325012,1252585,1147307,9926,1382161,1306723,1168420,17063,78417,52364,128315,2433545,2152113,10007496,8693068,22342,18791,26094,24510
..Outubro/2011,94446,92700,10092,109,44,778,327,68,786,979,161,2196,247,1498,347,30881,3690,2103,4197,8922,209061,4433,28101590,30629863,614813,592881,135733,555773,493525,572760,413519,303715,101355,1315574,1242795,1139800,9621,1369571,1294093,1158236,16387,78994,53094,117764,2430443,2140450,9897924,8661823,21388,18520,24915,23676
..Novembro/2011,89841,87713,9123,115,80,851,39,52,720,505,266,2079,226,1402,544,29296,3169,1766,3310,8301,205665,4309,28036500,31370513,615946,595834,136612,557352,495637,575914,403154,297961,97249,1314335,1240833,1138029,9542,1365985,1288403,1154223,16081,82746,55987,112495,2629347,2140009,10756810,8596741,22494,18221,25508,23936
..Dezembro/2011,89688,87571,8649,860,93,788,79,79,791,939,172,2383,227,1462,909,28384,2684,1470,3363,7618,181029,4048,26984872,30652942,601739,578684,132389,536885,479401,558887,391458,284882,94404,1275447,1201725,1102670,8993,1332087,1254430,1113741,15283,77435,51993,100267,2391510,2069870,9774192,8236892,21675,17855,24287,22352
2012,1331971,1302412,225496,118875,779311,121466,111680,979,11968,230528,1185328,138620,2947,18901,929487,392831,166756,941854,39052,101072,2595110,54499,356629265,399715721,7862456,7541624,1798118,7121961,6365314,7301141,5233897,3839677,1229037,16256157,15404418,14308874,218557,17105281,16051477,14433669,282577,1101127,756292,1589306,33858042,28784929,131257495,111868551,1033164,744917,418861,396057
..Janeiro/2012,106062,101642,9820,768,91,856,44,66,1883,812,147,2404,221,1645,359,32669,2550,1520,3435,8523,207811,4518,29720903,34666707,657133,632107,142031,589400,526842,606585,411680,301085,100463,1346910,1282028,1189193,9594,1395354,1335045,1184858,15553,81820,55062,99281,2723622,2299444,10753885,9158847,22590,19009,25469,23794
..Fevereiro/2012,217104,215080,121385,111526,111214,112000,111148,57,806,222673,111271,113157,244,1503,783,31282,114355,1646,3248,8426,220717,4695,29972149,33899809,775687,750942,256368,712185,645320,729181,535994,423649,101459,1476925,1412833,1318047,120719,1528347,1455150,1315823,126669,199829,171226,221928,2978921,2462688,11387197,9377320,133690,130702,136786,135183
..Março/2012,111340,109233,10398,692,86,984,48,90,864,740,176,2471,214,1629,416,31830,5055,1751,3720,9211,235982,4844,31226313,33988552,661698,638945,144976,602346,532494,617748,435790,321073,103501,1372750,1309429,1218507,9469,1418723,1349213,1213414,15740,91479,62290,126846,2700539,2400993,10957571,9565819,23893,20032,25599,23908
..Abril/2012,108326,106217,9644,733,61,909,36,80,882,769,141,2414,198,1681,931,32610,6406,1720,3597,8714,232091,4610,30954675,32374161,665000,642432,146176,611356,536709,622136,446108,329383,105453,1382928,1318307,1227614,9649,1433465,1360161,1227907,15535,85766,56654,142776,2771883,2447853,10879463,9574335,23340,19959,26328,25045
..Maio/2012,108128,105718,9588,808,184,929,88,101,883,896,286,2693,325,1684,377,33633,7363,1560,3408,8775,231733,4849,30746863,32796356,641320,621145,141210,589822,518034,602578,443101,323431,105929,1353313,1281989,1194174,9192,1512157,1329515,1201080,14719,82660,54461,149387,2686266,2377803,10696723,9317107,667480,19650,26337,24812
..Junho/2012,104230,101673,10205,469,363,828,62,108,811,529,469,2325,279,1537,869,34361,6597,1709,3284,8558,226973,4573,30025871,33253948,639422,619178,140024,583956,517146,599973,445367,324071,106558,1355757,1281723,1188821,9057,1425198,1337520,1203549,14642,85869,55193,148860,3147560,2392935,10673927,9343589,23404,19396,26185,24453
..Julho/2012,99369,96515,8904,117,69,853,42,104,811,159,172,1662,226,1596,373,35457,6096,1882,2855,8642,224892,4560,29398581,33263985,629430,610673,137686,570748,515267,590692,433323,313615,104477,1342980,1255525,1166003,8357,1410877,1313402,1183853,13797,85459,55060,138969,2740042,2370546,11313989,9240282,21972,18273,25421,23524
..Agosto/2012,102640,100564,9574,856,106,761,30,67,821,886,173,2336,222,1661,706,36297,5058,1944,3250,8847,230286,4884,30352892,33765999,645962,617040,140501,588739,522463,598674,431558,314686,105643,1338947,1281030,1185817,8861,1410250,1343003,1205922,13696,84879,54587,136142,2790434,2449652,10867105,9492914,23577,19127,25875,23957
..Setembro/2012,100841,98832,9548,574,51,800,39,95,1742,613,405196,2104,208,1550,923129,33377,4027,924178,3235,8375,216458,4515,29621298,33265851,647984,615403,140435,585979,522116,596815,425049,310880,103604,1338038,1281375,1188860,8692,1405322,1342899,1207718,13112,80027,50726,123315,2820286,2458409,10877465,9583823,24700,424274,25754,23781
..Outubro/2012,98637,96299,9181,609,169,990,49,77,748,658,246,2206,238,1547,394,33673,3591,1559,3335,8728,209641,4594,30059940,32997057,650720,617376,140512,587948,524909,598394,424361,306657,101404,1359335,1278040,1189871,8735,1430775,1339361,1207759,13449,78115,49082,112905,2815916,2461855,11098037,9455584,22500,18597,27697,23559
..Novembro/2012,91166,88811,8839,797,666807,778,48,66,930,821,666873,2379,329,1544,758,29474,2934,1281,2794,7271,194178,4106,28781718,33611244,640738,606891,137882,571239,518743,587645,412386,296119,97892,1328964,1247856,1158938,8501,1395906,1305987,1175964,13112,73450,47100,101323,2970021,2414092,11212313,9231062,23640,18170,24272,22756
..Dezembro/2012,84128,81828,8410,926,110,778,46,68,787,972,178,2469,243,1324,392,28168,2724,1104,2891,7002,164348,3751,25768062,31832052,607362,569492,130317,528243,485271,550720,389180,275028,92654,1259310,1174283,1083029,7731,1338907,1240221,1105822,12553,71774,44851,87574,2712552,2248659,10539820,8527869,22378,17728,23138,21285
2013,1153406,1126682,113472,6223,1528,10398,836,1111,10365,7059,2638,26485,3199,19129,6306,405464,54546,17305,42121,98266,2475382,51744,343023069,400269332,8203692,7207669,1653231,6809410,6143146,6985191,4866781,3531212,1174473,15451418,14475451,13382270,101064,16189904,15147367,13590625,148351,899187,575340,1359404,36037598,29332001,132098175,109919492,1226460,225695,282573,262408
..Janeiro/2013,98475,95652,9535,839,84,948,180,312,868,1019,395,2880,281,1653,663,32558,3248,1753,3540,8174,195952,4361,28918337,33711692,634935,596920,136157,555443,502393,574528,397127,283799,96127,1300948,1206960,1138823,8507,1386408,1277426,1163275,13074,86428,55901,91533,2793776,2373561,10853873,8986552,22698,18339,25511,23005
..Fevereiro/2013,95269,92726,9018,582,217,999,45,56,785,627,273,2250,301,1633,561,30468,3814,1748,3021,8039,206923,4513,29169565,33708914,649704,613725,141094,575554,515342,591276,402383,289016,97212,1301513,1216270,1127308,8556,1391942,1287722,1154866,13013,88536,57093,99863,2822558,2426582,11020448,9197375,23697,18763,23432,22092
..Março/2013,87938,85375,8581,397,63,739,33,58,731,430,121,1765,279,1334,322,25202,3885,1480,2827,7061,181590,3811,24453094,34063291,641534,580376,138734,542239,487107,560398,396779,281081,92812,1260983,1158698,1053487,8212,1344811,1221928,1080452,12599,78988,51197,103258,2778440,2120434,10975893,8012442,22241,16835,23183,21094
..Abril/2013,100881,98047,9379,466,83,895,49,85,815,515,168,2074,276,1563,387,53588,6307,1637,2876,8112,216255,4330,30035213,34084235,656450,619002,144040,583283,520702,599483,414066,301164,97282,1304066,1224032,1129754,9258,1388545,1288236,1154643,13163,81149,51898,136979,4171681,2457369,11748371,9279069,23065,18519,23810,22349
..Maio/2013,105116,102823,10828,708,86,902,265,80,1153,973,166,2881,289,1653,510,34128,6488,1738,2990,8170,222964,4421,29641740,32713299,644788,609931,142326,576362,515483,592339,422162,308467,99659,1303994,1226531,1136818,8646,1385869,1285483,1156248,13348,84679,55332,143561,2879264,2499225,11044272,9386434,23693,19505,23849,22219
..Junho/2013,99046,96710,9085,227,102,908,34,90,917,261,192,1819,279,1657,828,34785,6412,1573,6571,8697,224410,4356,29064223,32377206,1188946,601869,139555,568361,510873,584415,425482,311359,101870,1438132,1231476,1139195,8360,1376012,1286068,1156702,12655,81732,53484,140336,3055886,2489514,10977422,9379035,22258,18849,23159,21686
..Julho/2013,100850,98671,9789,712,77,890,40,74,1178,752,151,2664,278,1771,611,35866,5533,1232,3571,8880,217069,4375,30092720,33186837,620424,589104,136123,557479,502788,571955,420583,305658,102700,1273792,1209637,1114864,9241,1339882,1258957,1126902,12735,70086,44152,126461,2898769,2475449,11004857,9341376,22965,19155,23039,21735
..Agosto/2013,102762,100561,10729,363,58,827,45,89,840,408,147,1903,238,1715,471,36723,4293,1057,3138,8695,219906,4565,29870246,33726967,635850,606289,139099,574961,517894,587776,424434,307903,104774,1297872,1237613,1144016,8847,1363660,1284207,1155210,12517,66716,42712,123561,2941669,2563100,11010270,9533839,24542,20529,23581,22102
..Setembro/2013,100676,98669,9459,332,61,823,40,74,860,372,135,1935,237,1473,429,33912,3939,1238,3683,9022,217167,4813,30052273,34340532,646686,616255,139464,585875,530280,598105,419551,305549,102370,1303308,1244500,1151334,8350,1371618,1294447,1164156,11518,66747,41857,112929,2967939,2575580,11367893,9626537,675321,20228,24063,22304
..Outubro/2013,98911,97150,9857,468,427,929,32,74,831,500,501,2434,281,1748,398,33229,4132,1384,3384,8900,214813,4509,29582809,33753065,666627,607066,136059,578987,526277,590183,402768,294331,99094,1264186,1213405,1124358,8660,1324608,1260269,1135392,12103,65133,40830,103876,3104778,2558038,10991813,9455131,22633,18937,24722,22636
..Novembro/2013,88582,86912,8990,499,194,904,48,61,751,547,255,2113,254,1727,673,29509,3686,1378,3613,8072,198835,4224,27671516,32549195,621077,597483,133647,570293,519034,580674,381989,279240,93773,1225882,1176156,1088847,7016,1283634,1221155,1098372,10882,66977,41850,94791,2856061,2466332,10775769,9164516,322825,18459,23126,21229
..Dezembro/2013,74900,73386,8222,630,76,634,25,58,636,655,134,1767,206,1202,453,25496,2809,1087,2907,6444,159498,3466,24471333,32054099,596671,569649,126933,540573,494973,554059,359457,263645,86800,1176742,1130173,1033466,7411,1232915,1181469,1044407,10744,62016,39034,82256,2766777,2326817,10327294,8557186,20522,17577,21098,19957
..Janeiro/2004,103695,100957,9787,161,110,1280,132,156,1128,293,266,2408,244,1849,400,25720,6498,5856,3073,6604,168092,4432,22305318,22846502,586194,551921,145350,469364,384706,502529,433766,297571,126157,1340088,1215271,1134157,46934,1457142,1335844,1185024,104202,175399,132975,157027,1181958,1067781,5169359,4672894,18763,17251,32707,31022
..Fevereiro/2004,97696,95028,9476,154,97,1192,189,129,1170,343,226,2362,211,1605,368,25149,6881,8715,2809,6620,186259,4496,22897929,23696631,606777,571942,150856,488198,399275,520760,440739,303694,126842,1361454,1236520,1156562,48243,1477394,1353564,1206132,105868,239515,188923,176756,1326591,1104407,5452883,4953749,18962,17380,32344,31014
..Março/2004,111164,108298,10716,213,136,1309,214,211,1428,419,347,2737,242,1858,367,27994,11278,7491,2974,7620,216004,4877,24556003,23637322,616459,583073,154492,509082,406791,533082,455507,315437,129698,1376528,1252788,1179026,50416,1486347,1361492,1225015,107832,214477,166692,226992,1212547,1128324,5507906,4993395,19833,17837,32325,30996
..Abril/2004,111132,108374,10597,246,127,1244,110,184,1140,356,311,2384,281,1849,360,27170,12082,4488,2860,7066,198841,4733,24611169,23761079,612351,577731,153940,502302,403815,529719,467931,324459,133271,1383913,1263069,1182969,47426,1492335,1369798,1226174,103545,160977,120056,215380,1555047,1147334,5501830,5071766,19504,17838,32142,30834
..Maio/2004,112959,109806,10394,314,111,1200,99,157,1129,413,268,2329,229,1706,358,26437,125076,3768,3063,6997,198629,4948,24855323,23628818,609329,700460,164126,500466,400769,526595,483996,334592,138213,1389361,1279331,1195643,46050,1496648,1378808,1235454,100975,147780,108257,229864,1270622,1160126,5573119,5145326,19609,18279,33598,31781
..Junho/2004,109311,106274,10283,180,114,1213,94,215,1068,274,329,2281,264,1762,341,28476,13961,3650,3148,7103,194859,4597,24467187,23727394,596621,564056,150185,491580,396220,519974,491053,338116,141777,1399749,1297592,1197290,43234,1510149,1403886,1242069,95286,141454,102383,232944,1268658,1177877,6566664,5230757,19696,17942,32916,31767
..Julho/2004,105410,102476,9836,155,107,1199,89,165,1029,244,272,2228,255,1664,366,28066,12465,4501,2842,7154,194405,4718,24382059,23891320,589685,557635,147722,487123,393798,513737,484459,333554,140639,1579189,1274135,1182292,40858,1499217,1385124,1229855,89701,141070,104163,225854,1274003,1180454,5826172,5267174,19554,17808,32633,31382
..Agosto/2004,108610,105758,10270,205,103,1226,108,154,1041,311,253,2253,239,1745,439,29601,10458,7151,3149,7936,239575,5090,25779867,24141672,605489,572955,150342,505086,408613,528908,488088,337072,140912,1412601,1314733,1212816,39417,1529747,1428264,1262547,87360,152094,114007,208686,1467792,1221998,5942040,5451358,21273,18411,33175,31945
..Setembro/2004,107165,104460,10204,188,97,1131,112,134,996,300,231,2119,275,1580,569,27624,9791,9206,2991,7448,201907,4862,24692453,24499308,602615,571243,149188,506113,412008,529496,482682,337082,135557,1411725,1311563,1208911,38394,1549681,1426839,1256782,84687,166358,125858,199377,1373090,1230041,6970468,5481349,20620,18932,34558,33282
..Outubro/2004,101653,98980,9498,182,79,1011,85,132,1023,267,209,2030,245,1593,375,26589,8898,6959,3073,7165,187462,4672,24244647,24538489,608831,575962,150463,504890,417103,532289,473940,333244,131165,1417250,1303140,1210921,38790,1527580,1420422,1254571,84713,160168,118688,188027,1743544,1234319,5994592,5505808,21141,420258,45498,31985
..Novembro/2004,99920,97380,9233,144,111,1070,92,114,1064,236,223,2128,224,1472,492,25866,8500,6315,9683,7111,183131,4628,24571375,24854667,615592,579852,151274,509494,420492,537256,462475,326817,126364,1407228,1292907,1202927,37642,1513719,1404202,1242640,82442,152553,113179,171525,1641852,1237474,7057159,5501416,20592,18851,33197,31922
..Dezembro/2004,82166,79989,7965,121,76,887,73,99,839,192,173,1712,185,1411,383,21535,5863,3992,2550,5948,151216,3951,23489267,24324406,611414,572854,150200,495897,415296,531891,444467,314641,120961,1383500,1270463,1173463,36146,1491569,1384499,1221395,78539,143586,105555,156524,1339590,1224292,6047373,5416665,20640,18864,32206,30997
2014,1079062,1055708,118909,7760,1249,9117,548,998,9311,8249,2233,25465,3138,17496,5781,356432,142129,15196,37425,89192,2226678,45538,318000654,372098300,7142958,6794267,1522340,6473646,5875218,6600202,4429077,3231238,1058320,13826949,13148764,12112157,87281,14432807,13599693,12153294,114355,735311,451984,1096790,34498534,28858855,125872065,104539511,541640,203275,252783,239175
..Janeiro/2014,94257,92591,11858,454,88,913,49,78,808,503,166,2113,525,1456,603,31893,2588,1825,3148,8072,189127,4024,26728986,31764109,612908,583611,130150,552511,502792,565516,360310,262813,87665,1184573,1129494,1038356,7375,1245828,1177771,1051183,10542,76895,49220,79527,3183097,2386892,10696095,8785273,20167,17066,21355,20299
..Fevereiro/2014,92950,90740,9292,601,144,821,44,53,808,645,197,2203,259,1650,595,30283,2381,1638,3135,7935,195972,4113,28198705,33237061,647278,615092,139149,584953,529589,596003,380369,276513,90367,1243078,1171747,1081533,7400,1315098,1219550,1093021,10635,77686,49517,85192,2981929,2519065,11082731,9265396,22053,18203,23128,21710
..Março/2014,98898,96938,11577,893,138,854,78,73,1030,971,211,2768,273,2549,614,30344,3103,1524,3514,8251,203645,4192,28244913,31625608,641844,616108,136888,585931,531257,598021,386433,285223,92069,1228470,1179776,1089052,8047,1281945,1220996,1095300,11076,73392,45558,92963,2969257,2533918,11079447,9374456,321542,18597,22701,21657
..Abril/2014,100887,98937,9804,463,116,852,34,79,775,497,197,1982,274,1505,465,30679,5542,1384,4520,7945,207814,5238,28508597,33088098,641683,610251,136001,581365,526208,593299,395105,292798,93176,1233711,1185507,1092763,7721,1288760,1227444,1100524,10319,68215,41853,110730,3036513,2571891,11094458,9388787,20110,17749,22531,21483
..Maio/2014,101351,99512,10916,843,93,1006,33,78,1111,876,171,2878,243,1465,552,31242,5548,1149,3132,8091,208840,3945,29339328,33555633,617821,594064,132805,566774,511288,577485,398331,293862,95160,1211144,1163286,1073313,7595,1265440,1207196,1080896,9954,65819,40071,122301,2926240,2534726,10875985,9235418,19823,18256,22460,21106
..Junho/2014,92400,90187,9446,627,82,872,60,144,768,636,216,2142,239,1408,576,31041,5150,854,2826,7298,191242,3667,26659462,31956534,601550,571165,129600,542303,490702,554180,400112,291057,94665,1205354,1135741,1042660,7618,1261982,1174143,1045907,10185,58787,35788,113379,2907309,2468168,10720442,8929805,20854,17660,21961,20905
..Julho/2014,91940,90128,10297,545,93,653,31,58,735,576,151,1856,243,1236,360,28819,3543,1163,3166,7295,180740,3425,24986945,29010396,548249,522779,116567,498755,452282,507917,362747,265087,88561,1074938,1034186,949974,6972,1121079,1069172,952926,8738,51978,31277,94362,2706046,2287582,10000198,8335317,18411,15547,20466,19040
..Agosto/2014,85343,83294,8155,363,81,647,37,87,697,398,168,1601,166,1234,403,28974,3620,1389,3066,7727,181688,3657,25922848,30397514,560965,532329,120426,508196,460501,516826,361773,261146,86938,1097741,1036599,955318,6896,1146054,1065601,953540,8573,55722,34741,95460,2710491,2332516,9959878,8381218,19990,16228,19726,18865
..Setembro/2014,88957,86938,12575,924,201,696,43,192,717,967,393,2364,247,1411,432,28258,103248,1443,2977,7389,183512,3593,26179982,29749169,566065,541666,120583,517835,467877,526546,360571,260644,86651,1097458,1039935,963625,7472,1139476,1091196,963632,8900,56865,34665,85357,2814242,2340476,10024024,8415620,19847,16040,20417,19117
..Outubro/2014,83175,81206,9915,497,59,602,82,62,658,573,115,1719,211,1426,359,37499,3022,1198,2653,7006,178250,3432,25766506,29095410,573140,541750,121836,518132,472099,526724,351907,255056,83830,1093450,1031558,955519,6833,1133450,1057478,953761,8710,53926,32175,77872,2721270,2336484,9839775,8347177,19853,16095,19227,18167
..Novembro/2014,79999,78183,7740,774,115,656,29,47,624,803,162,2020,234,1108,539,25322,2339,948,2889,6620,169675,3496,25093519,29745767,578721,547767,122640,523920,478585,533681,347522,251630,83181,1102948,1043551,960985,7030,1142612,1069366,959442,8649,50382,30336,75167,2880834,2345655,10812578,8332852,19752,15851,19814,18877
..Dezembro/2014,68905,67054,7334,776,39,545,28,47,580,804,86,1819,224,1048,283,22078,2045,681,2399,5563,136173,2756,22370863,28873001,552734,517685,115695,492971,452038,504004,323897,235409,76057,1054084,997384,909059,6322,1091083,1019780,903162,8074,45644,26783,64480,2661306,2201482,9686454,7748192,19238,15983,18997,17949
2015,863365,846762,117342,7139,411383,7042,483,576,7584,7558,411945,20729,2314,13088,5989,278321,282146,39758,27729,68773,1720283,30632,256865650,297734118,5660211,5432739,1160619,5173917,4726121,5279970,3515992,2585176,838356,10938364,10537321,9687295,66751,11163959,10664287,9515155,80706,514632,308591,828070,29328229,24403883,102486686,85156031,407821,378314,426836,412379
..Janeiro/2015,80983,79550,8032,508,83,616,32,42,692,540,125,1766,220,1261,420,27005,1708,1054,2633,6382,150387,2802,23254733,28570390,532395,507439,111243,480898,441166,492866,313757,229180,75659,1010179,965821,883061,5919,1043411,989464,878319,7527,52044,31946,61774,2573918,2174185,9165830,7642080,16960,14733,18484,17394
..Fevereiro/2015,78928,77289,8839,160,38,946,39,48,672,199,86,1668,173,1172,308,24688,1751,1029,2383,6121,155880,2949,23380829,28710018,551367,529061,114461,501874,458956,513867,325333,239252,77907,1049558,1003203,919103,5991,1084100,1027580,912887,7979,54118,32423,66108,2894646,2263753,9920014,8180244,16823,15132,18741,17749
..Março/2015,84129,82587,8471,600,157,594,33,54,697,633,211,1836,206,1220,405,25835,225415,1345,2533,7049,175489,3041,25036886,28391515,547169,525743,114217,502185,456205,511772,330949,244552,78220,1040894,998763,920165,5933,1065757,1016003,910343,7665,59648,37014,82628,2658586,2298258,9981787,8196835,238566,236702,241474,240337
..Abril/2015,88852,87348,8858,337,98,680,31,70,735,368,168,1712,179,1291,1179,27841,4882,996,2677,6799,178845,3094,24400906,27647774,536801,515544,110962,492615,447456,502476,337731,250160,79573,1037952,998574,919802,6679,1060227,1013699,907134,7651,57248,35826,94247,2687602,2295863,9425685,8028627,19038,14684,19949,18533
..Maio/2015,80980,79392,7900,768,165,580,51,66,737,815,231,1849,421,1523,511,26085,4455,1167,2406,6326,166054,2999,24122658,27136125,513736,495111,107574,473861,430995,483453,330680,245348,77400,1004664,969170,890366,6338,1024910,980366,875272,7405,47046,28730,95568,2640768,2245162,10291835,7935153,16621,14288,18093,16821
..Junho/2015,74406,72805,8172,677,48,558,87,52,623,764,100,1869,322,1149,789,24551,3214,926,2319,5759,144372,2456,21418979,24776721,461196,437008,97109,418005,379064,426440,301865,219923,71619,910067,866119,798189,5652,922430,867145,775194,6682,40936,23325,81836,2358347,2020106,8543191,7017017,15926,12795,16598,15340
..Julho/2015,71088,69766,34325,582,137,582,58,68,607,639,205,1771,142,908,255,23354,2590,608,2345,5837,137610,2444,19966534,22748174,426664,410440,88009,392852,358805,401919,283661,207172,69459,846812,816577,752648,5659,859507,821365,733746,6739,37270,22325,69415,2213646,1917469,7806748,6665450,13870,11422,15518,14723
..Agosto/2015,66119,64921,7337,474,31,514,31,50,841,500,81,1720,131,911,240,22217,32225,524,2270,5551,137492,2610,21241903,22204293,432293,416778,88585,400073,365479,407253,279205,204637,67730,851432,827159,759740,5079,865576,832890,743590,6102,36255,21124,65994,2212772,1938181,7909117,6733013,14101,11818,16040,15035
..Setembro/2015,68769,67232,7338,837,300085,524,27,47,562,864,300132,1581,142,918,639,21448,1781,587,2183,5520,135495,2363,20092626,22105180,451405,435405,87517,398782,364160,405859,273472,201313,65013,842311,818766,758101,4934,857295,825117,739646,6247,34705,20926,61287,2710981,1936160,7649212,6607457,14588,12389,15435,14729
..Outubro/2015,62058,60789,6452,721,110045,447,17,25,504,738,110070,1631,111,999,249,20216,1569,572,2355,4953,126389,2311,19706407,24014855,422701,406250,84482,389604,357262,396558,262685,193266,62269,822527,796396,732876,4890,836694,803277,716892,5603,33960,19817,55482,2173282,1871418,7563899,6443650,13923,11675,15526,14592
..Novembro/2015,59582,58529,6614,712,192,511,62,34,483,720,212,1381,130,937,466,19404,1362,554,1896,4793,120413,2116,18766961,21039829,412615,397048,82331,381415,350770,388110,253752,186587,60638,800508,776618,714611,5145,814360,782054,698065,6004,33858,19578,52127,2296042,1825073,7237270,6243114,14224,11722,17530,14280
..Dezembro/2015,47471,46554,5004,763,304,490,15,20,431,778,324,1945,137,799,528,15677,1194,30396,1729,3683,91857,1447,15476228,20389244,371869,356912,74129,341753,315803,349397,222902,163786,52869,721460,700155,638633,4532,729692,705327,624067,5102,27544,15557,41604,1907639,1618255,6992098,5463391,13181,10954,13448,12846
